account,person_or_entity,public_role,event_or_activity,date,location,participation_evidence,commercial_relevance,source_url,evidence_class
OCP Group,Majda Moumni,CEO OCP Solutions,MoroccoAI Annual Conference,2024-12-05,Virtual,"Named keynote speaker on AI transforming industries","Digital-transformation ecosystem route",https://www.linkedin.com/posts/ocp-solutions_ai-ocps-solutions-activity-7269304342376022017-oKs_,named_person
OCP Group,Majda Moumni,CEO OCP Solutions,Morocco AI Forum,2025,Morocco,"Named panelist: AI for Innovation and Industry Transformation","Repeat public industry-transformation engagement",https://www.linkedin.com/posts/ocp-solutions_moroccoai-aiforum2025-ocpsolutions-activity-7391770938821726208-H_qk,named_person
OCP Group,Imad Boumhi,Chief Digital and AI Officer,UM6P Science Week,2025,Benguerir,"Participant thanked for talks and insights","Presence in UM6P innovation ecosystem; talk topic not independently captured",https://www.linkedin.com/posts/serendalkiran_it-was-an-honour-to-join-the-annual-flagship-activity-7303537799205453825-P9ov,named_person_secondary
OCP Group,OCP Maintenance Solutions,Industrial assessment company,INCIT strategic cooperation,2026-01-30,Morocco,"Named signatory organization","Direct assessment-workflow and assessor-capability route",https://incit.org/newsroom/incit-and-ocp-maintenance-solutions-establish-strategic-cooperation-to-advance-industrial-transformation-in-morocco/,organization
Renault Group Morocco,Nadia Tazi,Regional IS/IT Director,Global Industry 4.0 Conference,2019-11-13,Casablanca,"Named speaker sharing Renault factory transformation experience","Industrial-digital thought-leadership route",https://fr.linkedin.com/posts/renaultgroup_industrie4-transformationdigitale-activity-6601053058153619456-vnSA,named_person
Renault Group Morocco,Nadia Tazi,Regional IS/IT Director,CIOmove@Morocco,2026,Tangier,"Named plant-visit guide for digital-twin and metaverse use cases","High-relevance peer event; not testing authorization",https://www.ciomove.com/news/topics-theses/the-it-evolution-in-renaults-tangier-plant-a-grounded-approach/,named_person
Stellantis Kenitra,Mounir Kharbouche,VP General Manager Kénitra,Automotive Competitiveness Show,2026,Morocco,"Personal post states participation and supplier/investor engagement","Direct automotive-supplier ecosystem route",https://www.linkedin.com/posts/mounir-kharbouche-66255a113_stellantis-kenitra-automotive-activity-7480190205069623296-9c3n,named_person
Stellantis Kenitra,Mounir Kharbouche,VP General Manager Kénitra,Stellantis Production Way Day,2025,Kénitra,"Personal post reports 100+ colleagues and 54 improvement sheets","Existing continuous-improvement mechanism for a measured pilot",https://www.linkedin.com/posts/mounir-kharbouche-66255a113_stellantis-kenitra-spwday-activity-7307325503965724672-heXM,named_person
Stellantis Kenitra,Mounir Kharbouche,VP General Manager Kénitra,Smart Car platform production launch,2026,Kénitra,"Personal post states attendance at official launch","Executive ownership of new-line ramp narrative",https://www.linkedin.com/posts/mounir-kharbouche-66255a113_fiatfastback-fiatgrizzly-stellantis-activity-7488178372452417536-SnXr,named_person
Tanger Med,Mehdi Tazi Riffi,CEO Tanger Med Group,TOC Africa,2025-09-17,Tangier,"Named opening-session participant","Senior port/logistics convening route",https://www.tangermed.ma/en/organization-of-the-2nd-edition-of-toc-africa-in-partnership-with-tanger-med/,named_person
Tanger Med,Idriss Aarabi,Managing Director TMPA,TOC Africa,2025-09-17,Tangier,"Named supply-chain session participant","Named port-authority operating stakeholder",https://www.tangermed.ma/en/organization-of-the-2nd-edition-of-toc-africa-in-partnership-with-tanger-med/,named_person
Tanger Med,Taoufik Chahir,Director Container Business Unit Marsa Maroc,TOC Africa Tech TOC panel,2025-09-17,Tangier,"Named panel participant on terminal efficiency","Terminal-operator route; separate from TMPA authorization",https://www.tangermed.ma/en/organization-of-the-2nd-edition-of-toc-africa-in-partnership-with-tanger-med/,named_person
Tanger Med,Chawki Benouarrek,Chief Digital Officer,TOC Africa digital-port panel,2023,Tangier,"Named panelist by IAPH","Direct port-digitalization participation",https://www.iaphworldports.org/news/iaphnews/16622/,named_person
Tanger Med,Mehdi Tazi Riffi and Chawki Benouarrek,CEO and CDO,chainPORT member meeting,2022,Tangier,"Both named in published participant list","International port innovation network",https://www.ajot.com/news/new-chainport-member-tanger-med-welcomes-partner-ports-presidents-cios-and-head-strategists-in-tangier,named_people
Tanger Med,Mohamed Eddoujaji,Head Operational IS and Production,Huawei port AI and intelligent-twin event,2025-09-17,Unknown,"Named speaker discussing congestion and security risks","Operational-system and security-risk speaker",https://e.huawei.com/en/news/2025/industries/waterway/port-ai-intelligent-twin,named_person
Tanger Med,Mohamed Eddoujaji and Toufik Airane,TMPA operational IS and cybersecurity,1337 MED talent partnership activity,2026,Tanger region,"Both named in participant list","Local technology-talent and training route",https://www.linkedin.com/posts/1337-coding-school_1337codingschool-tangermed-partnership-activity-7450919555163611136-oeHB,named_people
ONEE,Tarik Hamane,Group CEO,Powering Africa Summit,2026,Washington DC,"Named participant; presentation summarized","Grid-resilience and water-energy executive focus",https://www.linkedin.com/posts/mgl-network_mrtarik-hamane-ceo-of-moroccos-national-activity-7440447394611105792-naU-,named_person
ONEE,Tarik Hamane,Group CEO,Africa Energy Forum,2026,Cape Town,"Named fireside-chat guest","Infrastructure investor and partner network",https://www.linkedin.com/posts/infinity-power_aef2026-infinitypower-energyinvestment-activity-7474074203546157056-SPUM,named_person
ONEE,Tarik Hamane,Group CEO,AIX Power and Renewables,2025-11-18,London,"Named grid-modernization and gas-to-power panelist","Investor and project-developer route",https://www.linkedin.com/posts/activity-7366411042555367424-MJUJ,named_person
ONEE,Tarik Hamane,Group CEO,APUA Scientific Committee meeting,2026,Marrakech,"Named attendee in participant post","African utility and vendor peer network",https://www.linkedin.com/posts/khaled-aw-tawfik_abb-onee-apua-activity-7445074310249086976-GvPD,named_person_secondary
Managem,Imad Toumi,Chairman and CEO,Giga Africa,2025,Morocco,"Speech quoted by Reminex GM Naoual Zine","Critical-minerals and battery-investment ecosystem",https://www.linkedin.com/posts/zine-naoual-262b3146_stability-vision-execution-these-three-activity-7376324428194017282-8-w2,named_person
Managem,Imad Toumi,Chairman and CEO,Managem Strategy Day,2024,Internal,"Official page names him as host","Executive sponsorship of 2025 projects; internal event",https://www.managemgroup.com/en/immerse-yourself-managem-groups-strategy-day,named_person_official
Managem,Managem Group,Mining group,Marrakech Mining Convention,2019-04-17,Marrakech,"Official company participation page","Government and mining-supplier route; no technical attendee named",https://www.managemgroup.com/en/managem-participates-marrakech-mining-convention,organization
Managem,Naoual Zine,General Manager Reminex,Women in AI activity,2025,Morocco,"Named in OCP Solutions event post","Cross-ecosystem digital/engineering leadership signal",https://fr.linkedin.com/posts/ocp-solutions_womeninai-leadershipfeminin-inclusion-activity-7323020753543585792-hhU1,named_person_secondary
Safran Morocco,Ross McInnes,Chairman Safran,Engine assembly and MRO signing,2025-10-13,Casablanca,"Named speaker/signatory in Reuters report","Executive/government route for new facilities",https://www.reuters.com/business/aerospace-defense/safran-open-new-airbus-engine-assembly-line-morocco-2025-10-13/,named_person_media
Safran Morocco,Ross McInnes,Chairman Safran,Landing-gear plant signing,2026-02-13,Casablanca,"Named speaker/signatory in Reuters report","Repeat senior sponsorship of Morocco buildout",https://www.reuters.com/business/aerospace-defense/safran-open-landing-gear-plant-morocco-2026-02-13/,named_person_media
Safran Morocco,Safran,Supplier organization,Safran Supplier Days,2025,France,"Official corporate event; no Morocco attendee named","Supplier-governance route; not proof of local attendance",https://www.safran-group.com/news/safran-rallies-its-suppliers-around-its-strategic-priorities-2025-04-04,organization
Cosumar,Amine Lahbichi,IT and Digital Transformation Director,Digital Morocco 2030 strategy launch,2024-09-25,Morocco,"Named participant in public event coverage","National digital-policy ecosystem route",https://www.instagram.com/reel/DAVnn7esor9/,named_person_secondary
Cosumar,Groupe Cosumar,Sugar producer,SIAM,2026-04-20,Meknes,"Media coverage of corporate participation","Campaign route; no named technical attendee verified",https://fr.le360.ma/economie/cosumar-au-siam-2026-performance-et-innovation-au-service-de-la-souverainete-sucriere_36XB52HXUZDW3GUDT67WEXC6WQ/,organization
